,cluster
447045923_1500121357267396_3601910458850591128_n.jpg,9
446346704_423457630547293_7321454315803388520_n.jpg,6
447045923_1500121357267396_3601910458850591128_n.jpg,9
446343139_485817944013472_85990395159179919_n.jpg,4
447045923_1500121357267396_3601910458850591128_n.jpg,9
446346704_423457630547293_7321454315803388520_n.jpg,6
405212796_732690724939077_3474785725554946972_n.jpg,8
342222195_614476747242902_6870393440340467140_n.jpg,4
403901837_672904214930125_2727271248798524665_n.jpg,8
447936130_3318834441594441_2764859589299225956_n.webp,0
447941428_976463397160654_491292090528401212_n.webp,4
447564639_380140298387938_2090457410980673534_n.heic,1
447641756_3853496498212756_5386972210917758444_n.jpg,8
447808075_821714826578761_836084476640943397_n.jpg,4
447616760_981848390239718_3964887910136531798_n.jpg,4
311893584_1563409424096147_2003364032849030959_n.jpg,0
327352657_736151477806194_2574887101164982653_n.jpg,7
327500542_921543655510046_8891165834510278074_n.jpg,7
327091098_1145376236131497_2009321109082281511_n.jpg,4
327332854_1669553143480301_3329847726638354905_n.jpg,7
327163031_845783213148092_4270564483738119607_n.jpg,7
447780915_476816704906973_2270942281034263572_n.jpg,2
447914943_809741330802902_94079568233570581_n.jpg,5
405212796_732690724939077_3474785725554946972_n.jpg,8
447867701_1212777166553752_2712472214180649587_n.jpg,7
447045923_1500121357267396_3601910458850591128_n.jpg,9
446346704_423457630547293_7321454315803388520_n.jpg,6
446346271_3354806974825200_6950499188592193631_n.webp,4
443715206_805617231513922_1488493213126637256_n.heic,8
446689327_3822296344656996_2456481832169377975_n.jpg,4
350619016_783813216709554_4297056778407750472_n.jpg,3
294005957_563323311947330_3927356399063440864_n.jpg,4
447796333_1393266451381853_6193905666528450163_n.webp,3
249359149_268783775162985_3807088972386511379_n.jpg,8
249222419_136863248694291_6668152874292271232_n.jpg,5
249437204_401017141518878_3744023706133532900_n.jpg,8
248987169_233025435487787_1661662961605001820_n.jpg,5
426195615_18008455910259173_7812732571048102951_n.jpg,1
218884955_130728542540809_5127577248397984682_n.jpg,8
201827049_782407575970362_2165523522959318176_n.jpg,3
225806990_556342142446365_2331242358079018867_n.jpg,4
322749112_475102121475575_7910264098035084032_n.jpg,7
342222195_614476747242902_6870393440340467140_n.jpg,4
447376596_421766823979247_6334646531563743595_n.webp,4
446597583_827098988873417_1186846149637916184_n.webp,3
446199859_1455604615349150_1913890444517857894_n.jpg,9
445595871_806982774740283_7123197507202673803_n.jpg,4
447772127_866000108901843_7018413267198151352_n.jpg,1
310328449_771790220599501_1205843040185019487_n.jpg,6
447148973_1455229785109685_522963281785228783_n.jpg,1
447387654_984775866394806_5522833212918593330_n.jpg,7
445413429_18433879987030271_6597005647189435270_n.jpg,3
445395830_18433880113030271_6941370062784554848_n.jpg,9
447644726_3640769342848801_6468760292615348686_n.webp,3
447148973_1455229785109685_522963281785228783_n.jpg,1
296795901_194014172974247_2779126666910597790_n.jpg,8
447380178_1128060171786069_199697346621973216_n.heic,4
401062723_338317732128492_6458229219867457273_n.jpg,8
97562574_179931450132450_8575418789860900454_n.jpg,7
94174454_821411571687987_7835404119420769405_n.jpg,8
399156139_1011733476727429_989491150290861999_n.webp,4
444928914_964868125331339_3030073771952402842_n.jpg,3
447864755_907961014500742_903195317576229939_n.jpg,4
445979209_420802084205529_925320089660547174_n.jpg,4
446260688_342557458854817_6436379215794510520_n.heic,8
445686918_18279819073205264_8102210966710912910_n.jpg,5
441133501_1485894695329638_5506705186004604327_n.jpg,5
445833603_3756031448000378_1056695390824683466_n.webp,5
446110382_1853529841788734_2931515889411387559_n.webp,7
446100699_751121120247862_6349599521119118959_n.jpg,3
446130209_419995194179137_3224119649156324942_n.webp,1
447774352_1135129664207018_3489541522917200755_n.webp,2
447774561_2088800018166199_8405743328134364194_n.webp,5
382217890_3546577298888265_61062789846583609_n.webp,5
446597583_827098988873417_1186846149637916184_n.webp,3
354771938_1360463844906653_667071500330662520_n.jpg,4
447100140_3456977817779383_3908981317431567693_n.jpg,9
447644726_3640769342848801_6468760292615348686_n.webp,3
266063715_135261962258214_6756732592745516329_n.jpg,8
244576310_1015232835964526_7766036018532366000_n.webp,7
446227253_763348189217985_6662134210253761776_n.jpg,5
446272274_374239948957050_7272888238315575179_n.jpg,8
443820756_18031836238998957_7074250071657306110_n.jpg,9
444154868_18031836247998957_9135415870890395039_n.jpg,2
444154919_18031836256998957_8785316987294512989_n.jpg,2
446355569_1233814831361186_9190033138712697015_n.jpg,1
445968385_1680732002464655_3789079268140568371_n.jpg,3
82336471_2708293609286681_2221068366878434888_n.jpg,5
446193007_434155112669715_6815606315499842647_n.webp,8
446199859_1455604615349150_1913890444517857894_n.jpg,9
444486704_17970698597714597_592939136988700557_n.jpg,8
89822479_587742888484452_2149082025471136974_n.jpg,1
82350644_644578062958211_9155705792131147453_n.jpg,4
225806990_556342142446365_2331242358079018867_n.jpg,4
412518832_1072955307457319_774534193720649479_n.webp,7
98600163_3187313611334498_2055271567886825358_n.jpg,3
97526842_906475913147999_2320512350396732196_n.jpg,4
198355230_321446983048750_6352683058966694839_n.jpg,2
123711273_1809956835836821_1295412990475867507_n.jpg,2
167890797_151226586907533_6982429876894517631_n.jpg,1
438109441_18411445504069454_2415721881034465372_n.jpg,1
264169727_704011983910719_7800221867900709043_n.jpg,3
245529936_887310582174418_4644859134647704310_n.jpg,3
447913937_3885017591783673_6666503452419865856_n.webp,1
447443346_1187764512574426_4768898286682859469_n.webp,8
447779091_431422736421736_901784285998131020_n.webp,8
145897031_757171594898014_2182135061912109611_n.jpg,3
269890886_670164957308252_1652757367265815390_n.jpg,0
446199858_2757614457740944_8211587261494378809_n.webp,6
446789767_17863804713138924_8372427948556349157_n.jpg,1
443717466_991022262630948_3446936759338646850_n.jpg,2
272065245_305155864962102_3999308564420799071_n.webp,7
313290712_829839588055594_6616940763362403705_n.jpg,1
442438697_18140796487323926_3649639427767684409_n.jpg,3
242381999_1001569973970217_3998863911618179790_n.jpg,5
242441748_197858375750573_6199997001478547362_n.jpg,4
242470965_2668402690128731_2103891340246690269_n.jpg,4
242620235_171690548358811_3521655644330909553_n.jpg,2
377258607_18382849192040680_842471417483279095_n.jpg,5
242497019_680975419962830_1506218779222511476_n.jpg,3
82336471_2708293609286681_2221068366878434888_n.jpg,5
89822479_587742888484452_2149082025471136974_n.jpg,1
82350644_644578062958211_9155705792131147453_n.jpg,4
278798356_532414788277108_6856889019980416368_n.jpg,0
272879879_636669397572226_4539869599838701114_n.jpg,2
274706112_1002556400370603_686955143884453058_n.jpg,6
435878559_18431501743006268_1123161489619820072_n.jpg,1
435785650_18431501752006268_4653734544254749537_n.jpg,4
435871054_18431501773006268_7635113848438880297_n.jpg,6
437146783_18431501785006268_2490134257738278772_n.jpg,4
446350374_784988063387949_7807030029073163887_n.jpg,8
339209890_937005091054351_6596266107279119449_n.webp,0
338935455_702543845001025_7294096870515204717_n.webp,9
436358042_17875599552065701_2015306559118861828_n.jpg,8
446101700_841197347863084_1416499712442289818_n.heic,7
439311787_2773334002843410_4923301808398667570_n.jpg,3
446943455_7472335826198740_3058220360754216143_n.heic,3
446193007_434155112669715_6815606315499842647_n.webp,8
447056763_1191753821990042_6911024378378620034_n.jpg,4
127450914_224908872359429_2940276489093730263_n.jpg,6
122198327_2792094664446389_4555226695257392234_n.jpg,6
447780270_1574664243265818_8142601513657256052_n.webp,1
447627509_963501405359310_8423761813694523478_n.webp,8
121027510_156413149469952_7548073491877738261_n.jpg,5
446458777_1181931746307480_9172918844299812341_n.webp,8
447867701_1212777166553752_2712472214180649587_n.jpg,7
416839078_18004591877259173_579370450016945260_n.jpg,9
446234167_308407565694986_5602140742499426941_n.jpg,1
123136446_366252884686966_8378784797021700828_n.jpg,0
447066649_1864316780700396_7047069779752979820_n.jpg,4
447644726_3640769342848801_6468760292615348686_n.webp,3
447918296_1918988908551405_4227807924911961930_n.jpg,5
447782943_3412807232350859_3922347985132607259_n.jpg,7
447780915_476816704906973_2270942281034263572_n.jpg,2
447914943_809741330802902_94079568233570581_n.jpg,5
447194192_424929360439788_8116981906341355551_n.webp,4
445545436_863375615614861_4771225809062813845_n.jpg,5
444151940_859749302836799_1342850136325495618_n.jpg,1
297850166_731297937958423_4072346048284903598_n.webp,5
120657798_1500891343437357_1452327997827947587_n.jpg,4
358226805_939892440601585_3268433181392945235_n.jpg,4
