,PC1,PC2,PC3,PC4,PC5,PC6,PC7,PC8,PC9,PC10,PC11,PC12,PC13,PC14,PC15,PC16
446346704_423457630547293_7321454315803388520_n.jpg,0.03085679938338247,0.64359368405997,1.2642584826110796,0.2659066431292143,0.5760525357578178,-0.18719023631621992,0.3356484487929657,0.21898802059725492,0.030815133123989116,0.040063253504090936,0.022773188172901644,-0.14804450938702438,0.15808388324245246,0.08128234329249558,0.17735590312736277,-0.05648797823915882
446343139_485817944013472_85990395159179919_n.jpg,-0.040531085698377683,0.3127403511283806,0.15901366882109846,-0.9164139197150288,-0.1121015414246922,-0.3256578529934094,-0.06029159279111437,-0.1499949192146884,0.0032664494449507887,-0.001340927940545136,0.009011312271410553,0.1893561125071928,-0.13927147916407812,-0.006000880111234184,-0.0019265390077405566,-0.09747448464060943
446346704_423457630547293_7321454315803388520_n.jpg,0.03085679938338581,0.64359368405997,1.264258482611077,0.265906643129214,0.5760525357578175,-0.18719023631621853,0.335648448792965,0.21898802059725445,0.030815133123989723,0.040063253504090825,0.022773188172901943,-0.14804450938702352,0.15808388324245254,0.08128234329249656,0.17735590312736263,-0.056487978239158854
405212796_732690724939077_3474785725554946972_n.jpg,-0.20780647826414947,-0.1480497655592257,0.014058613655175023,-0.43819338581660955,-0.7202722354143841,-0.36277757052580484,0.12432206866298655,0.1360937290018972,-0.17251306178498915,-0.14132742309844268,-0.04239525720481478,0.018558682864921003,-0.06727069217065726,-0.027276054590550283,0.07790510133631404,-0.0730688630553751
342222195_614476747242902_6870393440340467140_n.jpg,-0.5265697376434092,0.5848995483448721,0.42675652376178896,0.12199274744514542,-0.06562826383364508,-0.2943079936451603,0.33266015650542047,0.605984394784853,0.23103318885888435,0.016585191909344602,-0.1557246087149363,0.06438710517055257,-0.0870468097849384,0.16891854824229327,-0.12185662525155744,0.13122534009168624
403901837_672904214930125_2727271248798524665_n.jpg,0.09623805203387696,0.6465090613056429,-0.07095123795185374,0.2998861216776915,-0.41442190177763893,0.5453686351422294,-0.061514921080119654,-0.134642130403987,0.07747640361965397,-0.06197851720716277,-0.02083600668595978,-0.17820089289988142,-0.095633378709585,-0.30719929945407304,-0.043551950985645405,0.04181897222262237
447936130_3318834441594441_2764859589299225956_n.webp,0.12888285435763835,-0.9287873328368084,-0.316502274201073,0.280982431969764,0.4309834509089519,0.5089813140881935,0.645621693376903,0.2812984403666827,0.23889473737026243,0.03553788451041975,-0.18690698718144969,0.2915900846276737,0.057827308157865305,-0.10885359429823982,0.19249567655184846,-0.0039359691596020634
447941428_976463397160654_491292090528401212_n.webp,-0.02909000794665855,0.28803323520784907,0.40323618875704015,-0.22781660403498494,0.47333866191130786,-0.5273846265823452,-0.10536236373924933,0.3738540648332265,-0.16304207253944467,0.10964248770575293,0.1368508829642546,-0.21211078809513653,0.04553913336526999,0.05744233078271685,0.18260007622626856,-0.09471673877479206
447564639_380140298387938_2090457410980673534_n.heic,0.28188364830170476,-0.07052118032170272,-0.38478371829033353,0.3469341392764415,0.10575126979460861,0.3495005658098763,-0.47948324037516177,0.9383318214893892,-0.2300408437080413,-0.04477819638334142,-0.15965330996572077,0.20946187790602222,-0.08170290688550697,-0.03588512234195503,-0.16231326225471718,-0.08785218413097702
447819298_1617750835668315_216670165487745657_n.jpg,0.470563532367032,0.5544275338063193,0.0315915182341939,-0.025775372957361688,0.4278832789116848,0.26198090404865615,-0.6648579518168598,-0.16589501453134078,-0.0709548652577014,0.08795360824738424,-0.08465092148646411,0.23554593374925722,-0.04526262872202041,0.055721998329677905,-0.13325671935662073,0.13251735718888583
447641756_3853496498212756_5386972210917758444_n.jpg,0.10010080898362089,0.1909381352682599,-0.4460412095868285,0.43194117114309294,-0.8604186209604492,0.49519934424888024,-0.0022421389736924963,-0.04307027568432836,-0.07726034916523351,-0.012980411182748801,-0.17361646764914046,0.03808214719190775,-0.07464576391128028,0.08300475333996206,0.17945937241103332,0.000393565817243182
447808075_821714826578761_836084476640943397_n.jpg,-0.004564421782841605,0.934625616462077,-0.15688991474956257,-0.09540212667702112,0.255927707825536,-0.15816770687686763,-0.2241208425134366,-0.331143062828978,-0.011979486026843615,-0.07227393694330729,0.004244998244708661,0.16683363764686657,-0.07097630476314484,0.09173536862751336,-0.027300482975089142,0.11077160864428622
447616760_981848390239718_3964887910136531798_n.jpg,-0.07046735342918309,0.8228363168791027,-0.18849217630199455,-0.19305271468201674,0.23303176901463793,-0.38947976310115107,-0.21015805528786458,-0.24828937836161546,-0.08903648475814825,-0.09118258587772675,0.011136935079936891,0.14658889815334308,-0.10588472411533642,-0.004723770187299995,-0.06712492135643168,0.14327074950151175
311893584_1563409424096147_2003364032849030959_n.jpg,0.6645498099989565,-0.6128946523983312,-0.30968048171656076,0.043218068779681165,-0.03755729004411463,-0.09801844712700755,0.6934441246816934,0.5515279323685318,0.42641610106793676,0.07649417407776818,0.22787347001869257,0.06775782974103058,-0.0937269605351087,0.1879214004121427,0.08262051524349308,0.17040449330722157
327352657_736151477806194_2574887101164982653_n.jpg,-0.7051707156999961,-0.44819793847655026,0.2937171369714307,-0.05630705627772822,0.889014895547014,-0.4032099403368926,-0.22083755253703466,0.19382716554281215,-0.0827813954038848,0.14685837200962057,-0.11514778077179263,-0.20891126319566045,0.12272913551738959,-0.13277543670956526,0.018432087881586144,-0.09315772636954711
327500542_921543655510046_8891165834510278074_n.jpg,-0.40759132990576374,-0.7500480229350591,0.2531349175838672,0.11705748331138104,0.2918633109423978,0.05546884696646974,-0.4006825492868984,-0.10701084665780033,-0.14394357195720073,-0.11387604431124018,-0.012579137899145445,0.04482083125452609,-0.232363399248039,0.029013694233751507,-0.04783701332868978,-0.06479069768098397
327091098_1145376236131497_2009321109082281511_n.jpg,-0.04135528588179724,0.6451080534774767,-0.17798906273939774,0.058322722665593824,-0.1072583739767878,-0.12470983353745525,-0.12814845658602775,-0.18774415920593554,-0.13650606192690692,-0.035225609450150686,0.028144661357866304,0.16184899126175586,-0.16927479218306132,-0.06581296746267487,-0.04841442508038737,-0.19831955198604218
327332854_1669553143480301_3329847726638354905_n.jpg,-0.5104843207314658,-0.8179146452534474,-0.41460321761480845,0.4242457952886174,0.06506031230138373,-0.13355671841118658,-0.4566505092907263,-0.12537847630187005,0.004747361938859877,-0.060043951441696414,-0.018746211015236228,0.07680654298653664,-0.11514602804619045,0.02473089752980483,-0.16939514418618307,-0.09145753154206608
327163031_845783213148092_4270564483738119607_n.jpg,-0.37281069455001964,-0.7977119911309103,0.19909040687891835,-0.12007846121178287,0.18053949621728435,0.18797144466961635,-0.35334855799417103,-0.09097600537722925,-0.06571207675873035,-0.11036118923267811,-0.0786830616131005,-0.013720024598941994,-0.19017234442171504,0.09561486612931483,-0.08871673307478825,-0.0057561324234998235
447780915_476816704906973_2270942281034263572_n.jpg,-0.761341444145803,-0.011103128453188869,-0.5856164618514084,-0.05555231735188154,0.3465494306966874,0.24560839363075582,0.187761724980453,0.11240531735852696,0.15727762120685665,0.14253466575625176,0.0807966918800273,0.0508941443515651,0.03103939526453959,-0.05684524699800295,-0.08559721782871862,-0.0939613457586099
447914943_809741330802902_94079568233570581_n.jpg,-0.6668624145676442,-0.45626188980030086,0.08307004415548327,-0.6216828375709328,-0.13961611520965705,0.30308862296921085,0.20463150950763867,-0.3073386810620355,-0.08569784110743203,-0.2057817395503961,0.0181137934451169,0.05963791642731856,-0.10253215760355065,0.187867275081536,0.1682399311858022,-0.09875711804591898
405212796_732690724939077_3474785725554946972_n.jpg,-0.2078064782641503,-0.1480497655592265,0.014058613655174211,-0.4381933858166099,-0.7202722354143836,-0.36277757052580456,0.12432206866298683,0.13609372900189667,-0.1725130617849891,-0.14132742309844262,-0.04239525720481474,0.01855868286492085,-0.06727069217065722,-0.027276054590550342,0.07790510133631429,-0.07306886305537501
446346704_423457630547293_7321454315803388520_n.jpg,0.030856799383385595,0.6435936840599703,1.2642584826110772,0.2659066431292142,0.5760525357578176,-0.18719023631621828,0.33564844879296524,0.21898802059725472,0.03081513312398957,0.04006325350409088,0.022773188172901995,-0.14804450938702368,0.1580838832424527,0.08128234329249673,0.17735590312736285,-0.056487978239159076
443715206_805617231513922_1488493213126637256_n.heic,0.308128745953141,-0.2649617375800153,-0.18704823330844078,0.4325941783404668,-0.5308826335238108,0.14539830280631533,-0.18569980061038976,0.3617846802145986,-0.4558560219134015,0.015419116727206117,0.06585071819484127,-0.16223992373011126,-0.17926684056150036,0.17043057875917192,0.030394902984487188,-0.05871014961300392
446689327_3822296344656996_2456481832169377975_n.jpg,0.12174052403314585,0.5749106531627151,0.23072266682021975,-0.7165422573635605,0.01063972669218404,0.2243668445932139,-0.10135989124841914,-0.18109830774629518,0.013143087291874212,-0.21409139477639702,0.003982349902811595,-0.029202129762097136,-0.09537624648510114,-0.18871733208266364,0.09099501768880446,-0.14662772050057513
350619016_783813216709554_4297056778407750472_n.jpg,0.7491422275556027,-0.2859277727784661,-0.08480035441061548,-0.18333456730956382,-0.09415413908835017,0.05699343238514031,0.3219380364039105,-0.010519922442208713,-0.016520680909850673,-0.14877735079517315,-0.18079586111765755,0.02382661728284441,-0.012648348758835807,0.13233131453467242,-0.0780628983503952,-0.011911147263110851
294005957_563323311947330_3927356399063440864_n.jpg,-0.05670305694824896,0.2532809993553662,-0.3176463736169333,-0.3162521091170453,-0.37504528507202956,-0.23829002501175098,-0.22609401054608705,-0.35299104250894037,0.5967264182336517,-0.09660509681505289,0.15450664011551887,-0.03458060665013042,0.008751669484631325,-0.18552978417514773,0.043158528444298135,0.0026909273392608886
447796333_1393266451381853_6193905666528450163_n.webp,1.1660832832667452,-0.09359614739659529,-0.428209634692197,0.290531397762786,0.2309888428302402,0.2436052342689356,0.3138336832997859,-0.22851536142356532,0.022154031276507762,0.016779709242770332,-0.09048115146510415,-0.21172804289125804,-0.14046834179375675,0.013738984570669653,-0.09862695695566863,0.18959760262232275
249359149_268783775162985_3807088972386511379_n.jpg,-0.337454088869695,0.20193351710570662,0.23639205491083407,0.01080674492459899,-0.5851494300689495,-0.03191489012847024,0.26284347047350626,0.40734190477203613,0.2593849698716922,0.03965922322438402,-0.15278654410350248,-0.1593033798386948,0.12352918787953943,0.23823777670487647,-0.16510648385406113,0.0796357226714979
249222419_136863248694291_6668152874292271232_n.jpg,-0.786568717412483,-0.17232554819200419,0.1947745555543368,-0.44927926930390794,0.15951749626581735,0.30471847400439017,0.24301355312138775,-0.19329148161288348,0.30004227753733337,-0.044044956450551245,0.09928750323575262,0.08602383919197948,-0.04461948126056631,0.12743226275592698,0.08161874195083456,-0.21826703366635677
249437204_401017141518878_3744023706133532900_n.jpg,-0.30640246683459843,0.3588129376088006,-0.16755021668721579,0.1688694172705298,-0.36455651296417657,-0.16104733011374453,0.0819300929976853,0.19360420421567917,0.502760913905544,0.057298714886507424,0.033321353978105456,-0.014141815998645767,0.12921081433981746,0.16630466950987705,-0.12632400037927738,-0.14098082555250077
248987169_233025435487787_1661662961605001820_n.jpg,-0.83117822403717,-0.233823226869375,0.01794711979526983,-0.14145803176177144,0.0052604400715187,0.26600312204134136,0.2468638814393071,-0.17273467803274226,0.31972121352025146,-0.020201858229867257,-0.0077524941861305775,0.12662665350443175,-0.05577049552065408,0.24158101768205656,0.07739491796599308,-0.14297205644876973
426195615_18008455910259173_7812732571048102951_n.jpg,0.2891862519219426,-0.42957725552352805,0.06190812651001746,-0.13795913882472763,-0.5305150460289121,0.04354714883114589,-0.3570302357983582,0.08980001074201259,0.2744537605538348,-0.0035468566859213303,0.1471505986909144,-0.19256250673203468,-0.09622250446193832,-0.06352660852008388,0.1011233823173186,-0.09024464307231587
218884955_130728542540809_5127577248397984682_n.jpg,0.139273634935547,0.22153419752864004,-0.8028876772615234,0.06585984676030654,-0.5714495264443586,0.23851654078336643,-0.14567287608140217,-0.07284068159239877,0.01834700847334938,-0.06991271633291227,-0.1987633797893132,-0.03626302928968732,0.04517104745640911,0.10848390673123115,0.1329789364466344,0.07608476902051695
201827049_782407575970362_2165523522959318176_n.jpg,1.0588915063423936,-0.25030909464963114,0.2887594573129563,-0.5777623566014061,-0.08143685885255829,0.41569384922715447,0.36371237083112307,-0.21216193047245352,-0.043159957440434465,0.4717181398097545,-0.10798354561646119,0.033590421456237765,-0.10511837962903439,-0.0581732970878252,-0.3326361518567134,-0.04214236576395247
225806990_556342142446365_2331242358079018867_n.jpg,-0.10191279849897159,0.4900383447603877,-0.32598874362050606,-0.1544441878922081,-0.10801292079399194,-0.3593178298837105,-0.056018538760106255,0.03580421932451049,-0.3929394362445839,-0.0978776932898048,-0.22145672635968555,0.019493546789479343,0.06302334961766917,0.22491795729236022,-0.0826051963156014,-0.045881194000253415
322749112_475102121475575_7910264098035084032_n.jpg,0.14504171133095306,-0.21726434854247134,-0.49402546451934143,0.251696374532187,0.4850660545520287,0.8006614451169243,0.0807269107958006,-0.44466552801928494,-0.23324668355215056,0.10722760700500372,-0.22123788827163024,-0.34064490617883175,0.3013191441649287,0.11020060082331175,0.04787212793333754,-0.09150132171134195
342222195_614476747242902_6870393440340467140_n.jpg,-0.5265697376434096,0.5848995483448707,0.4267565237617885,0.12199274744514536,-0.06562826383364444,-0.29430799364515986,0.3326601565054203,0.6059843947848518,0.23103318885888408,0.01658519190934485,-0.15572460871493624,0.06438710517055221,-0.08704680978493848,0.1689185482422935,-0.12185662525155748,0.13122534009168618
447242913_1499441084308846_6419913316442078958_n.jpg,-0.5039261074449191,-0.9435155650220314,0.07208857402694642,0.8015520867731267,0.23754953146770447,-0.3211316538734649,-0.533738628875925,-0.1020858388911887,-0.22621665810697486,0.006211897156000166,-0.09350426907810222,0.04799988701516624,-0.12395475035118632,0.019702977047797325,0.12869811696486974,0.22578264039053614
447376596_421766823979247_6334646531563743595_n.webp,-0.27272570437208127,0.7374364090752513,-0.38625194077751196,-0.10187886411529162,0.30270416550559537,-0.6404490264005176,-0.09009404231189266,0.13202669978275547,-0.009101141433413045,-0.03015866703199809,0.06656439894073371,0.044835290878911,0.018627491450667943,-0.10720141495988014,-0.08771421359039999,0.004710456167787433
446597583_827098988873417_1186846149637916184_n.webp,0.9136463470315549,0.0010979336295590806,-0.02620099478700284,-0.2925145029479772,0.3505039482817157,0.38415050797308864,-0.25141504431389833,-0.09093406708118183,-0.04023847257652449,-0.09352413816657448,-0.20202389715321345,-0.03234248261922307,0.2840853647112854,-0.046762305715257885,0.38869317990955277,0.059586920820131006
446199859_1455604615349150_1913890444517857894_n.jpg,0.8063706148195715,-0.6070179214066806,-0.3352485356921881,0.33398734147648085,-0.05299246761955812,-0.38675287278318166,0.21960430812644763,-0.06730811976598415,0.2524710490167789,-0.23281748151319923,-0.061000391199217165,0.10554157455503513,0.11460801935842467,-0.15435599988650753,-0.05377280034660479,-0.02333655486360643
445595871_806982774740283_7123197507202673803_n.jpg,-0.3321097045352977,0.5817242546787463,0.3199611645215037,-0.41641795808390264,0.149733731813632,-0.7775117733642474,-0.011627607817070333,-0.1419036515316426,-0.22690290460206464,-0.21265615031911173,0.0543118467541294,0.05258269578286092,-0.041377091718654016,-0.0655410308033684,0.09910205752507374,0.041087152550029
310328449_771790220599501_1205843040185019487_n.jpg,-0.010682540293411211,1.164700952267246,0.19230885932817177,0.48191208291570886,0.1446931382817237,0.2622808838684778,-0.1324854278109954,-0.4057277590567996,-0.10705957497180948,-0.05551027671891045,-0.11209537062916057,-0.0062846545177693515,0.030078225387355207,-0.03068020528596684,-0.03162365769681491,-0.033015989899692635
447148973_1455229785109685_522963281785228783_n.jpg,0.2118406687326211,-0.5523963447331954,0.7170444543489486,-0.06500446124357734,-0.23971959424156128,-0.1740169700765339,-0.6035872817996031,0.22401579524638066,0.23721200043017798,-0.16952426012433897,0.0015104493799455295,-0.06027966496735786,-0.017833953214712428,0.0713243893825867,-0.12695148481513555,-0.026285886971913915
447387654_984775866394806_5522833212918593330_n.jpg,-0.6753956564139997,-0.3966135293916851,1.1077042649104483,0.8357357852461298,0.464831243535085,-0.12484905259028356,-0.40361869420921304,-0.26125487856101925,-0.12343365690169762,-0.06052418908560219,-0.1266041935042943,-0.07854586676637647,-0.06155645892749055,-0.040019258922649466,-0.2738350214453342,0.04179712759491822
445413429_18433879987030271_6597005647189435270_n.jpg,1.1822748577062097,0.1783342410540602,-0.7632426475742837,0.09136810749174291,0.6891424432778962,0.08809171966629811,0.13119740787151785,-0.22620224166606012,-0.1660324035114885,0.01751386541307123,-0.06331234582882345,-0.16164456021654677,0.0015483064997265832,0.14720640891584907,-0.19467292631383648,0.053196577132097876
445395830_18433880113030271_6941370062784554848_n.jpg,0.7835713873933986,-0.4768281729718635,-0.771400372913168,0.9025677867989685,-0.0972242091862914,-0.6022565471233581,0.5432986770114111,-0.09430580218600514,-0.16855267153173875,0.01867763457491952,0.19092191510865886,-0.057805779062931266,-0.10571266345963769,0.11343832192116836,-0.07054650723410144,0.0010129835968324713
447644726_3640769342848801_6468760292615348686_n.webp,0.5595122040206679,-0.10575571648589381,-0.5179538904908864,0.08634506259845215,-0.17311151997172478,0.18468582039526057,-0.39315212814037725,0.05956655971755658,-0.08314404798758078,0.13592506759699163,0.30900412238646735,-0.22752727314437807,-0.02973117221869276,0.22033137778950848,0.17287744363331153,0.09634333329177242
447148973_1455229785109685_522963281785228783_n.jpg,0.21258185794397041,-0.5543876805048312,0.7139019771186317,-0.06784090375634201,-0.23946961050518512,-0.17552765004232293,-0.604207460867508,0.2254184762410488,0.23674112522014656,-0.1699104730478868,0.001737060800979103,-0.06020299442566734,-0.01656090641125008,0.07141958035415849,-0.12661575997589866,-0.026032913788576667
296795901_194014172974247_2779126666910597790_n.jpg,-0.06257508693556126,0.09085223016446808,-0.39530249351127233,-0.34807236744522674,-0.47882053993826423,-0.10673348526782589,-0.01825159318211885,0.13904534402153834,0.13357160370191246,-0.07103528962615818,0.02096835763282578,-0.06420511115976546,-0.04603081989996185,-0.15984981860226397,0.026406042297610052,-0.060212760344867194
447380178_1128060171786069_199697346621973216_n.heic,0.2949981988268597,0.46770058740205955,-0.5535957442488346,0.09153111346327021,0.5328349382995509,-0.0257630263614866,-0.5494652427364758,0.3085074480590833,0.18528940259952562,0.10053234221476358,0.02791442372622778,0.045013228602962765,0.014172620198560443,0.07587177800902224,-0.10738421983733545,-0.004226403917875331
401062723_338317732128492_6458229219867457273_n.jpg,-0.020064270856927673,0.2921369605717404,0.49580358449799966,0.009571655123156655,-0.8238127602666726,0.40363677208379667,0.06939901982311039,-0.28036919437202107,0.32563953394331857,0.2069429124644269,-0.1461216594593366,-0.056383026711892055,0.019099423824951032,-0.03814735083135749,-0.1944629200831162,0.09250188644911973
97562574_179931450132450_8575418789860900454_n.jpg,-0.43820906666412457,-1.0614451890114025,0.08237895543588529,-0.1791501663367168,-0.02648272336199829,0.028376079812494737,-0.30854034178264284,-0.07237815219267064,-0.002845216165489882,0.006646186108541061,-0.19290451858537788,-0.047217857590849434,0.09509564012398779,0.2666038964707106,-0.12579791334474746,0.10980686768340658
94174454_821411571687987_7835404119420769405_n.jpg,-0.082055650203921,0.11288109368527817,-0.31026529015524446,-0.1475245107457641,-0.634913965372723,-0.19921439254418252,-0.14803386792492176,-0.21063568619765172,0.48042531580544595,-0.008198219548617634,-0.08235486935720222,-0.20857342005623244,0.06016481235441193,-0.18138266796818212,0.026351709836329392,0.17703130922799723
399156139_1011733476727429_989491150290861999_n.webp,0.24929481495323197,0.6129514247353118,-0.21715377095348098,-0.7491867180207298,0.07928331527649336,0.3531751444985915,-0.17441573623915138,-0.09121340953027796,0.07559405991035782,-0.1512597400644112,-0.06008300253077896,0.049079054523000036,-0.10167913933995869,0.04239340087328678,0.05697990334001848,0.07705057506656128
444928914_964868125331339_3030073771952402842_n.jpg,1.1737569352891144,-0.08639165233818943,0.05063083975008958,-0.40715861326049096,0.4014939914664229,0.48792095972025407,0.19486290925795557,-0.1153521428185087,0.002912952272508026,-0.1909364091079632,0.051302092901111984,-0.11509372487852156,-0.1520759878711504,0.0095551822090885,-0.0742536679110679,0.12071846888245848
447864755_907961014500742_903195317576229939_n.jpg,-0.10313511589969986,0.6782045663840077,-0.056714251359752076,-0.21471227947715488,0.06544419773352991,-0.2792896719968171,-0.144911845842123,-0.18097407902098397,-0.01513342096917001,-0.1614202139541827,-0.11738810641728671,-0.08700683337965982,0.06439058444815016,0.07501896807200241,-0.14990430623758622,0.047518398418442874
445979209_420802084205529_925320089660547174_n.jpg,-0.0374018382815282,0.3580452896209641,-0.8706786461391594,0.07522852982383732,-0.27412931269442,-0.31530781069212527,-0.17174336785362632,-0.08104751491509801,-0.15483737938880845,-0.004224394970293314,-0.010668374546272926,0.012792041918952035,0.19563546738142296,0.056894566587177536,-0.047489331611574655,-0.05227282658942449
446260688_342557458854817_6436379215794510520_n.heic,-0.3213571450133154,0.20806134134016852,0.0959239242130225,-0.11977787216467438,-0.42403068021370954,-0.24161664165963834,0.11965417843295988,0.2724924820106935,0.5165990662058053,0.11153547697988805,-0.10511037183918544,-0.19973716096011493,-0.01707046821963383,-0.29608534338534903,0.06757457233846563,0.2346258195281659
445686918_18279819073205264_8102210966710912910_n.jpg,-0.9395746012039534,0.11102219946235495,0.2870813514175582,0.7457966401497219,-0.023454490059011977,0.46268538627738487,0.39465132020505844,-0.17067634621968547,0.011340615653674096,0.07473015037197533,-0.038575522716602494,0.10800862608304833,-0.12735137035746613,-0.1038836675987499,0.20183568026680523,0.22150857325972467
441133501_1485894695329638_5506705186004604327_n.jpg,-0.30337677117836015,-0.2858744462638697,-0.06696218814718005,-0.6100984600711806,-0.17164699974483782,1.2094435686065679,0.20906416599300176,-0.26791575554392644,-0.35163763079573473,-0.18093408216274134,0.30799572606176007,0.0557430352252102,0.21349280236460447,-0.009391333887698167,-0.11864057946482023,0.19196552348150697
445833603_3756031448000378_1056695390824683466_n.webp,-0.7314488425160471,-0.05943218900892994,-0.23512352427351843,-0.13858419077903353,0.21622193546764554,0.5503913094652111,0.2735210047012434,0.06624711428244293,0.1783204220741583,0.06550338009300193,0.18237392130296892,0.054258444501533186,0.14164462609616438,-0.11791763528184361,-0.018393379423773035,0.16084736021436666
446110382_1853529841788734_2931515889411387559_n.webp,-0.5095040432690678,-0.08748077486741487,0.9293109480643552,0.6376213988412749,0.720806192077529,0.7568826131336657,-0.23660948827855519,0.07359772152773471,0.07698405104615305,-0.028781294355221615,0.12385802665740993,0.09167531637995348,0.21743059404193724,-0.0567980240943727,-0.1303831909832293,0.16028932169337953
446100699_751121120247862_6349599521119118959_n.jpg,0.7688411316910357,-0.13582658580738896,-0.08025514458058579,-0.3147969715882167,0.5595940119570587,-0.11644586173508123,0.37638234471905146,0.3006734655083504,0.3828182577279747,-0.035890754617942916,0.02224105308210644,-0.042847350858029,0.02123202289062781,0.029731242065880934,-0.1943648262531358,0.006535013901821743
446130209_419995194179137_3224119649156324942_n.webp,0.5143967228498861,-0.4137558104410445,0.5703430573440913,0.08688308983194679,-0.015304422327401679,-0.11200246188817593,-0.053776430657640296,0.10147161670865382,-0.11386469533508428,-0.28055709319787914,-0.019513143197199646,0.2802027285498776,0.5233131549402552,-0.12240129340847516,0.10375904689775987,-0.027362897126486367
447774352_1135129664207018_3489541522917200755_n.webp,-1.0122983849486438,-0.2726395491446699,-0.577840642381659,0.16053824805914624,0.18631260731861324,-0.5173857395625066,0.14976019076230077,-0.1496970021961834,-0.24107464254810002,0.09837527866563178,-0.31378152857921005,-0.34984107632103695,0.15327982216465486,-0.12707992310246263,0.019886023479384497,-0.10384705140394836
447774561_2088800018166199_8405743328134364194_n.webp,-0.9232784021385313,-0.6297890673033361,0.003609898543904238,-0.37157832713391903,-0.1928702401245988,-0.24360176371491607,0.25650477104933134,-0.24591981620523598,-0.34352096157214496,-0.1109495960605998,-0.24726621803558246,-0.3480932799466404,0.04301930435646385,-0.1614843221008095,0.1170260738992484,-0.08219313861312723
382217890_3546577298888265_61062789846583609_n.webp,-0.9910337650395569,-0.4755661647937911,0.3266196116302716,-0.27317243167651517,-0.16298533615129382,0.316876602187252,0.5648709025581502,0.24319615714010198,-0.21603269619141785,-0.13960162171055657,0.49987633210745236,0.0597146051439742,0.3156482343090805,-0.14166551733191438,-0.07681231250940804,0.22457491163608756
446597583_827098988873417_1186846149637916184_n.webp,0.9136463470315549,0.0010979336295590806,-0.02620099478700284,-0.2925145029479772,0.3505039482817157,0.38415050797308864,-0.25141504431389833,-0.09093406708118183,-0.04023847257652449,-0.09352413816657448,-0.20202389715321345,-0.03234248261922307,0.2840853647112854,-0.046762305715257885,0.38869317990955277,0.059586920820131006
354771938_1360463844906653_667071500330662520_n.jpg,0.021857320673439245,0.5592096556824417,-0.44933130064276394,-0.3953305497658432,0.07393867893435802,-0.13397892814573498,-0.1289290002889608,-0.021775149364971377,-0.19429167059412653,-0.15909838661433018,0.10163697955814908,0.08938831548041148,0.022942810690550028,-0.05451785069558254,0.014262290244345825,0.14365645481882558
447100140_3456977817779383_3908981317431567693_n.jpg,0.4938008654479437,-0.7367458732710435,0.09798744021449945,0.8234649712420742,-0.42108025671203114,-0.2615589857644953,-0.20459230418104965,0.03389019880962711,0.2935278883250898,-0.19882825840751236,-0.2049758925273245,0.5180778641191728,0.460575909372542,0.011285260141439912,0.389487343387256,-0.25963321745613793
447644726_3640769342848801_6468760292615348686_n.webp,0.5595122040206679,-0.10575571648589381,-0.5179538904908864,0.08634506259845215,-0.17311151997172478,0.18468582039526057,-0.39315212814037725,0.05956655971755658,-0.08314404798758078,0.13592506759699163,0.30900412238646735,-0.22752727314437807,-0.02973117221869276,0.22033137778950848,0.17287744363331153,0.09634333329177242
447242913_1499441084308846_6419913316442078958_n.jpg,-0.5039261074449191,-0.9435155650220314,0.07208857402694642,0.8015520867731267,0.23754953146770447,-0.3211316538734649,-0.533738628875925,-0.1020858388911887,-0.22621665810697486,0.006211897156000166,-0.09350426907810222,0.04799988701516624,-0.12395475035118632,0.019702977047797325,0.12869811696486974,0.22578264039053614
244576310_1015232835964526_7766036018532366000_n.webp,-0.7623351360482136,-0.9176137466821922,-0.0013806483649060426,0.3424259918707665,-0.12885094793275065,-0.2053436337787321,-0.05960480402102212,0.12677844156263463,0.16908215508346233,0.11326282971814254,-0.07802268900248766,-0.02566451134861014,-0.10357402817928137,-0.06069388456216167,0.12360903484153633,0.1178727669289867
446227253_763348189217985_6662134210253761776_n.jpg,-0.5499304029499543,-0.11913666980924621,-0.249437050160245,-0.5639704805372227,0.24260215671461483,0.2731168088626221,-0.035602969055928295,-0.5016883324794245,0.2331913722651462,-0.052534960056188185,0.03261731906376292,-0.009460883216924202,-0.12015635010628498,-0.26294983193807003,0.14249134186449497,0.027146538762550163
446272274_374239948957050_7272888238315575179_n.jpg,-0.2059499824005312,0.549650108542627,0.02109474830631219,1.025965058499684,-0.6892663889227388,0.15427999757287073,0.03385608382615488,-0.24040874820688146,-0.012752470464045759,-0.05759886991544841,0.035195454297423455,0.05773504769989135,-0.12906042102316184,-0.12407103485235066,0.06208021402839452,-0.2301546351175315
443820756_18031836238998957_7074250071657306110_n.jpg,0.858282816749883,-0.05043809623290988,-0.6883984014604116,0.714729790110301,0.1950347557847816,-0.16653151199170296,0.3749448203368967,-0.16208135580193692,0.11411713361402914,-0.012251503196234885,0.0652805317287977,-0.14265586667532162,0.05412837273577807,0.243003403662803,-0.15072622965904786,-0.06545165215864467
444154868_18031836247998957_9135415870890395039_n.jpg,-0.8247412282346116,0.018837683594337584,-0.7227352318543749,0.10539816649801498,0.4330076351284523,0.02796117690169361,0.19585235116500813,0.1571134053387321,-0.12301092794626295,0.13405223472908995,-0.014796067169086224,0.07142367614255618,-0.012085628237265297,-0.12186209236794858,0.034877556913872,0.03209166847066694
444154919_18031836256998957_8785316987294512989_n.jpg,-0.9934751762570055,0.14949016945922364,-0.2832492207200686,0.07562519205723865,0.5713970910489293,-0.3687596965153152,0.1620850500717277,-0.09659479000729876,-0.09032009144970062,0.08978937902532999,-0.046742723818987544,-0.0839940586009381,0.1048340788566679,-0.11434262474408323,-0.0811592425812349,-0.03590443596344279
446355569_1233814831361186_9190033138712697015_n.jpg,0.3245814692014029,-0.30587320787198574,0.2659044003327552,-0.3688798462102641,-0.05713088085511787,-0.12249720471256509,-0.5681455603892788,0.15096262498876326,0.07165365834747481,-0.10854728041487914,0.08512335028060339,0.08977490257026115,-0.13965588086542863,0.03897254545578647,-0.05294264800908785,-0.0529190424795493
445968385_1680732002464655_3789079268140568371_n.jpg,0.9270370643172549,-0.04611715116895761,-0.11060842023286858,-0.47238275904444393,0.1975847768787595,0.30954984565166477,0.2786833825679654,-0.1486819034295948,-0.012068156436501219,-0.2413188034470637,-0.002610917695995923,0.08066307294330897,-0.14166050949131237,0.08528682795905712,0.22944556143136563,-0.06424954074792423
446193007_434155112669715_6815606315499842647_n.webp,0.16291183858900413,0.12517111630532884,0.5781189935786971,0.6559948730864417,-0.44726580980053354,0.3093579541025942,-0.31284535807946384,-0.1487975354524644,0.18060343960265657,0.01633826455774365,0.09772849571261988,-0.1502478245542427,-0.1580251903888984,-0.3499897838362126,0.02532927852406283,-0.06035918370108327
446199859_1455604615349150_1913890444517857894_n.jpg,0.8063706148195715,-0.6070179214066806,-0.3352485356921881,0.33398734147648085,-0.05299246761955812,-0.38675287278318166,0.21960430812644763,-0.06730811976598415,0.2524710490167789,-0.23281748151319923,-0.061000391199217165,0.10554157455503513,0.11460801935842467,-0.15435599988650753,-0.05377280034660479,-0.02333655486360643
444486704_17970698597714597_592939136988700557_n.jpg,0.03528918987709652,0.3559825189208704,-1.254702242542929,0.43984806091874756,-0.33606067155897273,0.2735888856088147,0.030346117498021005,0.5381200177357618,-0.05343676679327012,0.15976632700598026,-0.014774672301416832,0.15678008033923424,-0.07850025317153515,-0.07979652236212494,0.20717998211087635,-0.02136552719948717
89822479_587742888484452_2149082025471136974_n.jpg,0.38460716889832774,-0.10454115641108412,0.4968120061295513,-0.40581606706697504,-0.5938168585570938,0.3742998144417064,-0.012764482861204355,-0.040615700132181395,-0.41257999759796654,0.7301231350256965,-0.09046738091583124,0.10825624309409804,0.011851317019229573,-0.05739578109757804,-0.08240757993228895,-0.1019449225435181
82350644_644578062958211_9155705792131147453_n.jpg,-0.11056980153693675,0.3897154397363171,-0.10014128092232755,-0.03212700263867568,-0.36363072275202085,-0.3020390611124719,-0.08105925573169878,-0.27020389126599725,-0.017359593347711796,0.1702461261776892,-0.16618878516432303,0.24578979803441706,0.0030781968080057084,0.03766641562058083,0.14376532573453185,0.17806108661020298
225806990_556342142446365_2331242358079018867_n.jpg,-0.10191279849897159,0.4900383447603877,-0.32598874362050606,-0.1544441878922081,-0.10801292079399194,-0.3593178298837105,-0.056018538760106255,0.03580421932451049,-0.3929394362445839,-0.0978776932898048,-0.22145672635968555,0.019493546789479343,0.06302334961766917,0.22491795729236022,-0.0826051963156014,-0.045881194000253415
412518832_1072955307457319_774534193720649479_n.webp,-0.41618743598454844,-0.914491990392776,0.21289276335629748,0.011500374236107768,0.37795380270298295,-0.058136696129457044,-0.5318564712294972,-0.04023350721515035,-0.2983539943128965,-0.10861870096460759,0.0013521870809359053,0.07182359101900586,0.046080221060321704,-0.11378451747588043,-0.1885865354046407,0.04740950031822803
444935935_18003633590577048_9118840289337679639_n.jpg,-0.052454750014216095,0.3292658543047589,-0.24094784013868895,0.08611327336565457,-0.44584670624008094,0.488433874063721,0.2698783613742167,0.6962126490219941,-0.17453224722778787,0.18106246578686003,-0.05969607968709996,-0.239252263917858,0.05860598748960592,-0.29770275783126954,-0.2966978043494203,-0.15803754712106177
84619916_2059173784228068_5848990589380101651_n.jpg,0.34302684258110927,-0.10928898355957781,0.1874497347723738,-0.6177228993137288,0.06019593118709772,0.03735001641820406,-0.5196743207199611,0.16148181376399925,-0.036629926933953276,-0.22157146622382154,-0.004641731018705286,0.01715800389180777,-0.07634015518115446,-0.013292798184150356,-0.049893632670009895,-0.037615360208578086
98600163_3187313611334498_2055271567886825358_n.jpg,0.706169904704516,-0.27046955092675057,-0.0910511584644294,-0.19279839657040093,-0.11325293865489154,-0.30905637192150326,-0.21221371587627716,-0.38318793755550773,0.2988303810571742,0.825009794355647,-0.004342801663433644,0.099388143947838,0.165630152253516,-0.09757788814956166,-0.01408969242640462,0.10225492163636728
97526842_906475913147999_2320512350396732196_n.jpg,-0.0938982814510603,0.39633217157926504,-0.36602593333537026,-0.06357814995378637,-0.28592052677469476,-0.28113095022412726,-0.14325843155139006,-0.19421157676745085,0.11204200939074307,-0.025101987288891462,-0.04275419570815578,-0.004458559053527883,0.05165703974996665,0.015890874496897352,-0.048922339511648545,0.021228329767147957
198355230_321446983048750_6352683058966694839_n.jpg,-0.7934105188414118,-0.12113946572979384,-0.5230363695584656,0.4818538948749391,-0.06990348585469246,0.033076232117771734,0.09504649377732463,-0.35815248442259506,-0.2557524020794557,-0.0647121992051072,0.014585020507750958,0.01544581855500649,-0.004150642347479588,0.09061117065718438,-0.05934063364000849,0.018190931314316962
123711273_1809956835836821_1295412990475867507_n.jpg,-0.5297967514898391,-0.05573223529067129,-0.3985760061372951,0.05648762923564202,0.8997637995967656,-0.1397211779122236,-0.11458799951870605,-0.1023665530198826,0.18494802483774245,0.30651093365897236,0.2372690118519505,-0.030825079027345256,-0.08652190212690684,0.12318928764837975,0.20619816491018467,-0.0632679477670892
167890797_151226586907533_6982429876894517631_n.jpg,0.09734873751785658,-0.334245948099177,0.27949735978556606,-0.4304595453681514,-0.13133209376175703,0.03159751280622555,-0.1622827995633236,0.7546055681056129,0.24776165644278858,0.04608854691093908,0.04616089609064368,-0.019444164899817543,-0.12711316606859754,-0.04630679152216716,0.05396095959537308,-0.03774655110790786
438109441_18411445504069454_2415721881034465372_n.jpg,0.4405739461024949,-0.17440326240375928,0.40828301782182036,0.014934702901980712,-0.15074570546062074,-0.43219948833281563,0.10676969932741975,-0.2249134583775518,-0.3460492838833879,0.7461969611601498,0.2675353319448525,0.34510424147499225,0.11122270229368478,-0.05445283131789094,0.024888950645728006,0.10676672939791834
264169727_704011983910719_7800221867900709043_n.jpg,1.1995546182942007,-0.44850351875560845,0.04077965814207498,-0.26221419678923014,0.5018758845805916,0.1075398788070583,-0.09946324084902994,-0.07911017463989622,0.29297857222341506,-0.4021688575666396,-0.20533238982880206,0.24835828604767682,-0.03746205158291373,-0.3061594881249773,-0.1452494253511322,0.07914210655828306
245529936_887310582174418_4644859134647704310_n.jpg,0.9967097908510292,0.028328474723667844,-0.3145136641167772,0.07485806120996193,0.3121706166433834,0.12164199863948504,0.32437006691419756,-0.22571090529969676,0.03010291850077837,-0.09824539117845102,0.17681015675107872,-0.18766715437825782,-0.15472516283020982,-0.11970171695898915,-0.0868379903469112,-0.07463721450752742
447913937_3885017591783673_6666503452419865856_n.webp,0.0817562034178648,0.03717360330557759,0.6660608130222062,-0.6019549911744638,0.1162939730833607,-0.6259101706419551,-0.1693921505620495,-0.10450942970017595,-0.19069998992358755,0.2821072123267081,0.05375986274187967,-0.1716980157479244,-0.053938938161622686,0.03290754224073108,0.08958765898403907,-0.03293759987128993
447443346_1187764512574426_4768898286682859469_n.webp,-0.1431620466725704,0.17799073231854456,-0.19756428635319762,0.1589411564280741,-0.7042971248257408,-0.11334464455143942,-0.015968126423808352,-0.13765144529839388,0.1633766582141488,0.02963482076967317,-0.005069814113440332,0.03285161252782265,0.10557799375726316,0.10470348720979043,-0.1132367107239735,0.005491691161840466
447779091_431422736421736_901784285998131020_n.webp,-0.27436177630202024,0.18942407802943034,-0.07722235919132467,0.11402086946868617,-0.5884722058715366,-0.38939896377689825,0.011747000569436644,-0.069520937746193,0.06908195158260844,-0.12654974442952208,0.07112266892177872,-0.07139335618209271,0.05564294643444428,-0.05801925870098469,-0.026732920613162153,-0.0010047444040125078
145897031_757171594898014_2182135061912109611_n.jpg,0.7574753926755885,-0.3020006497444264,0.5555879292623932,-0.2488672579499369,-0.016395199711637446,-0.27100642780990797,0.36769773413354406,-0.28778839380272425,-0.08773509722443905,0.5285247659763258,-0.03454735179150455,0.5139901792835746,0.06335861994120608,-0.021611913386695134,-0.15851221914494015,-0.12233087958586565
269890886_670164957308252_1652757367265815390_n.jpg,0.588869951727601,-0.8232750705576852,0.0327134024766075,0.24551204080394862,-0.49015464085424076,-0.550602346627782,0.7084309187632347,0.10043802645950879,-0.2931438301496682,-0.040347210589531744,0.13115673347130505,0.010567003743244839,-0.42299503242716013,-0.08353242389025926,0.2347500372397379,0.3310686318407676
446199858_2757614457740944_8211587261494378809_n.webp,0.11892031654747583,0.43788079930903845,0.9143980074080134,1.018369377929694,-0.04398289194645599,0.0813141273373176,-0.39275529749105265,-0.40253428104173244,0.38282996630121713,0.1542926824614926,0.28024763291623633,-0.08739699653628541,-0.048928926564584155,0.07943508204957477,0.21659912418197197,-0.1313298643922789
446789767_17863804713138924_8372427948556349157_n.jpg,0.14424735085837542,-0.4465223716224074,0.36466043230722356,-0.2384181639392715,-0.5470699181147533,0.1057748759118192,-0.1968817254690771,0.1460022188235824,0.04943997195736761,-0.26649726845716354,0.7256594119176046,0.0953488765312586,0.2001043832040926,0.13227207755643475,-0.057063731923726865,-0.0463305906237832
443717466_991022262630948_3446936759338646850_n.jpg,-0.7562256900772433,0.1883108275911391,-0.45646660759457847,-0.18445973642542507,0.5895607085886047,0.15219582099060347,0.04733833210876,-0.15888590392190843,0.5672899996682655,0.1451427509228069,-0.06762856935453178,0.14762233223686835,-0.023642493881244918,0.14294781200934648,0.05367244223793153,0.04662846698742763
272065245_305155864962102_3999308564420799071_n.webp,-0.35525022552100294,-0.6209498277473968,-0.1981633398889664,0.13623020205665953,0.24754409382848108,0.7454708869727701,-0.12470758101994293,0.3263580372717631,0.2366553518293971,0.12625697159611762,0.07955179357447681,0.15105961867044468,-0.04661520369337549,0.3172912421405337,0.02979310068859455,-0.06690787054970743
313290712_829839588055594_6616940763362403705_n.jpg,0.0017949996711621819,-0.22305540348560574,0.07247216592278473,0.12613896957331028,-0.019311050551076334,-0.43334794391113846,-0.5214276005967131,0.401547322462788,0.3423923304394682,-0.02102284270513888,-0.23792731720562654,0.04298474150263311,0.0925314775702982,0.04892007632294758,-0.08288348850653965,0.2474713342044198
442438697_18140796487323926_3649639427767684409_n.jpg,0.6517168721422972,0.34682093773986705,0.46297856878416427,0.20290222097791208,0.6056169748317416,-0.3898529271744483,0.2645374501259569,-0.5128667238102572,0.3518703486332676,-0.10420024149356465,0.26140743547466355,0.03563130143097449,-0.2872406728994353,0.10657008801484992,-0.15675182236577817,-0.08594738742842761
242381999_1001569973970217_3998863911618179790_n.jpg,-0.46037671277348896,-0.11188759239243062,-0.23565874976403106,-0.5772529598699273,0.2177650014685039,0.844108293649684,0.21188129115615423,-0.013313053398920091,-0.16402761212457012,-0.061815603055014864,0.06490469914260728,0.01677704495288525,0.04929589708903082,-0.046823925035954346,0.019762555863900882,0.10947239997905191
242441748_197858375750573_6199997001478547362_n.jpg,-0.0662979500687334,0.6322935276213502,-0.14232272171908456,-0.19460363705896344,0.0014172171938539803,-0.30252719761751845,-0.15808737657762476,-0.251257319095699,-0.049709989373665886,-0.010066929622984704,-0.05566825510503034,0.15024642262484803,-0.07577601694634994,0.0005400334934585352,0.02166333810664507,0.03183607958958259
242470965_2668402690128731_2103891340246690269_n.jpg,0.19526926489352958,0.6882659534635884,-0.45200916949719294,-0.3121077181594358,0.056724559261589945,0.23805006318832497,-0.17536932360442645,-0.07657404915750385,-0.27445652668627224,-0.17253898545028962,-0.05596727326895703,0.0010574137497780067,-0.005759748761388544,0.004404259929470385,-0.041820924844483305,-0.00568604518891369
242620235_171690548358811_3521655644330909553_n.jpg,-0.935986217017824,-0.06687465075153383,-0.5118258373731173,0.509972077948506,0.14560317903526981,0.13118228090539902,0.33132266741403976,0.19755221948806978,-0.1873614256865546,0.14350086144242213,-0.026890874845568027,0.0297525467709725,0.023749222116902474,-0.060677023254062185,0.0830149238684539,-0.008595980290025595
377258607_18382849192040680_842471417483279095_n.jpg,-0.7000567990768306,-0.34046378450271747,-0.1027117154304983,-0.444890300800711,-0.04668369135549202,0.32436378656394005,0.19538716894771033,-0.27895342240832643,-0.12375382275862407,-0.19998459087444012,0.4102730443337462,0.013049288873999868,0.27127810321659,-0.11640456745741744,-0.1308126806447004,0.2604114672284232
242497019_680975419962830_1506218779222511476_n.jpg,0.8088285394064051,0.26688707084028446,-0.18788892404711438,-0.18615025189613713,0.2162909910648633,0.4225612866436895,-0.09310606321468264,-0.11900028831308374,-0.11300051816147554,0.12127911814762439,-0.07732065366939092,-0.10129471492115684,0.1664540381393871,0.029355224754782413,-0.008759343901001361,-0.13006724837822556
89822479_587742888484452_2149082025471136974_n.jpg,0.3845812840351093,-0.10470032845507361,0.49699046507477856,-0.40621159980038263,-0.593669380802923,0.3742662499697701,-0.012622236689986,-0.04071790711393814,-0.41265897522603096,0.7306030490800961,-0.09056699421914446,0.10855090307602745,0.011959603595446353,-0.056256577427038684,-0.08131252514409629,-0.10179791697703791
82350644_644578062958211_9155705792131147453_n.jpg,-0.11056980153693675,0.3897154397363171,-0.10014128092232755,-0.03212700263867568,-0.36363072275202085,-0.3020390611124719,-0.08105925573169878,-0.27020389126599725,-0.017359593347711796,0.1702461261776892,-0.16618878516432303,0.24578979803441706,0.0030781968080057084,0.03766641562058083,0.14376532573453185,0.17806108661020298
278798356_532414788277108_6856889019980416368_n.jpg,-0.02818285184784781,-0.9303925109431276,0.2065833892086806,-0.018913161591455143,0.516804781104916,-0.5299075216520465,0.5942018371923564,-0.4696847717705548,-0.26418080420775997,0.23096854125751037,-0.08002729559993513,-0.07323023898319996,-0.08249948253675443,-0.03279430487646959,-0.03475467497551152,-0.046911449904781646
272879879_636669397572226_4539869599838701114_n.jpg,-0.8994797195857128,-0.11668564145916485,-0.3769430622995252,-0.06111525385544717,0.2494625200102492,-0.06253226765274468,0.2128251237836701,-0.005770272099100849,0.11227051380770046,0.07248485678501805,0.08236862989982592,-0.006123876390666652,0.0942227304456668,0.09140735048308292,-0.15976069747755825,-0.30555456157342437
274706112_1002556400370603_686955143884453058_n.jpg,0.03127879284528511,0.6783968474384937,1.0611280726156125,0.01422220885198422,-0.4063389130562664,0.8593795971210716,0.2659323216081268,-0.01598936124198709,-0.5550254762346891,-0.24926863107534217,-0.06252167857915389,0.14388728376075605,-0.12640106140166715,0.19245165008255052,0.04643522407906366,0.07175002080742225
435878559_18431501743006268_1123161489619820072_n.jpg,0.18783732023840669,0.09349534251537447,0.17638201865111283,0.09155066276386324,0.3546029101596506,0.05101894738043197,-0.34047140801566034,0.7374593509659626,-0.3020062344411776,-0.04953240992572698,0.05731758533165909,0.10388660979185765,-0.12567106276498957,-0.021415350166108543,-0.04329764874874313,-0.10003766456144945
435785650_18431501752006268_4653734544254749537_n.jpg,-0.1490258947199467,0.9179582509144094,-0.43622128677933464,0.29253287117929444,0.3109297207301714,0.13987710963937922,0.1188138408021431,0.6036394022715859,-0.18865792605049192,0.09198626293863929,-0.03497473581229295,0.1318230723830353,-0.055181150631227784,-0.10200791040217959,0.07065270429664612,0.028201758269736383
435871054_18431501773006268_7635113848438880297_n.jpg,-0.21076367315282005,1.2724979401820804,0.04808059841439662,0.5602046686356986,0.4684321653515538,0.31147762632480125,0.15775227074043263,0.47445081368945524,-0.17124424428720894,0.021688075654455508,-0.01732529124852667,0.12839191948990578,-0.06547426327468342,-0.11365727254042174,-0.06725327154936021,0.02778351316586002
437146783_18431501785006268_2490134257738278772_n.jpg,0.29593259014700646,0.4477615354072527,0.2608134468225923,-0.5117544408889106,0.29918726687062114,0.574648906066971,0.03865788992099626,0.5312538143660003,-0.01866839044085228,0.1241627711140555,0.14543394215081085,-0.14142428845752805,-0.0480099631358353,0.09890584247939946,0.11420875201463944,-0.05977963285546101
446350374_784988063387949_7807030029073163887_n.jpg,-0.08411384444314007,0.43846158435122135,0.13733342743989527,-0.24614225914999027,-0.2076290998457434,0.5109628168203745,0.24531684145038768,0.5322178501284816,0.20900990305156344,0.06982738100337349,-0.08482727843494481,-0.04042729620289285,-0.03336200790272656,-0.06984701466833915,0.14284210015603443,-0.03324173258740231
339209890_937005091054351_6596266107279119449_n.webp,0.798651490816186,-0.608535869946761,0.23155179170286294,-0.1377746456872906,0.08224655588398418,-0.2836448528580873,0.37874410215239124,0.20062136245437465,-0.2662829100106736,-0.35365342132052996,-0.013578631861930594,0.11174608011476952,-0.02763109731713701,-0.09077388210058793,-0.054430158092428425,-0.15106060635739402
338935455_702543845001025_7294096870515204717_n.webp,0.7156812840098989,-0.656435707551571,-0.24154719026118118,0.301361554598797,-0.10538255452392302,-0.40133706518184403,0.2814455035252307,0.25204588550693696,-0.3187669807557468,-0.2588619854807079,-0.03396348434405624,0.12695573626984427,-0.03554192692884716,-0.047308239308203125,-0.026131620972100686,-0.16481504099973457
436358042_17875599552065701_2015306559118861828_n.jpg,-0.42095306923625697,0.09127561706118385,0.34134868269064716,-0.07035170902027288,-0.6010278478165877,-0.2997272594708661,0.2796882945868617,0.39881449029724664,0.1075329398828728,-0.08082093986973132,-0.1779235355757452,-0.06749403044181979,0.018995401355218593,0.2240760825226971,-0.09270423196375449,0.07698190645903032
446101700_841197347863084_1416499712442289818_n.heic,-0.31509530867178537,-0.3985141259690438,-0.1703686741322277,0.21127368679058423,0.6829191159071606,0.4044313983879998,-0.3888859184013245,0.19202067281989127,-0.10272593603516937,0.050984940856870734,0.1075426866349317,0.1001647892992576,-0.21116008367550007,-0.3036514468723067,-0.027809185812444032,-0.2619065565705171
439311787_2773334002843410_4923301808398667570_n.jpg,1.0019535513008178,-0.22565701133662228,0.31222815012782984,0.19119127131134594,-0.08668756153154665,0.45743325765841353,0.382826210386833,-0.16075308602226746,0.249810884428156,-0.0366437218802871,-0.25220448715843957,-0.2194975560371671,0.17613243931973213,-0.08924409123096065,-0.21754236662465756,0.08285097153124871
446943455_7472335826198740_3058220360754216143_n.heic,0.6526262884509854,0.1908169907784167,-0.014315086519281683,0.013084340840155556,0.8430630032245788,-0.5522325637525928,0.40531541253608955,0.04466373057431367,0.22537204965184482,-0.019063453374010737,-0.04536131983292852,0.007898015081327061,-0.09764012891553048,-0.011964442034966124,0.03618554089711421,0.18276751815869727
446193007_434155112669715_6815606315499842647_n.webp,0.16291183858900413,0.12517111630532884,0.5781189935786971,0.6559948730864417,-0.44726580980053354,0.3093579541025942,-0.31284535807946384,-0.1487975354524644,0.18060343960265657,0.01633826455774365,0.09772849571261988,-0.1502478245542427,-0.1580251903888984,-0.3499897838362126,0.02532927852406283,-0.06035918370108327
447056763_1191753821990042_6911024378378620034_n.jpg,-0.030068158338369098,0.5320072995726095,-0.5642540204435513,0.032280986120221726,-0.17725657262191094,-0.23550027218531377,-0.21705285834876317,-0.2177823958847459,0.1124023679179763,-0.020975266356612295,0.07339958771630292,0.042435834993568275,0.008163058095510881,-0.06875318612659813,-0.12947602540691433,-0.13934146824519378
127450914_224908872359429_2940276489093730263_n.jpg,0.6708147957889953,0.33343156266623136,0.3524499388032442,1.297315889490377,-0.019098513404430667,0.3735551066010331,0.44241708130918905,-0.2647043818819885,-0.16522572487148068,-0.15969613854907666,4.870734204123819e-05,-0.046118347231202415,-0.18616861427511727,-0.12099187096542532,0.11779678142981087,-0.07997074411740368
122198327_2792094664446389_4555226695257392234_n.jpg,-0.152125179682482,0.9787147517966603,0.5570280578602245,0.5829475619892676,-0.09551814250344512,0.24203843873019,0.015213253679498363,-0.26818197545915806,-0.1576057655728052,-0.18970209376669483,-0.14435953690442943,-0.023832563928959733,-0.002148169249852602,0.06954922097676187,0.05841173033246921,0.07204750028171363
447780270_1574664243265818_8142601513657256052_n.webp,0.01748783679214949,-0.24252219098238595,0.5207138189366066,-0.24164874632848676,-0.3322794228268676,-0.5723778043876131,-0.07283093950473736,-0.012787211546701493,-0.18576478834297339,0.3381010927969144,0.018924449443664865,-0.2181315351363781,-0.020248015086360517,0.026024566717540054,0.10570655223817295,0.027369798499430796
447627509_963501405359310_8423761813694523478_n.webp,-0.14720896608750988,0.17927648850223304,-0.19007612787346823,0.16300751288058643,-0.7039302523282229,-0.11846928738657193,-0.014876029026558808,-0.14046436161419706,0.16521246299691653,0.03177183425210257,-0.005800271821471774,0.029820552133853356,0.11121894996484674,0.10267275788204393,-0.10828208322056249,0.0009041152329161161
121027510_156413149469952_7548073491877738261_n.jpg,-0.7565783530671938,0.023914344454986098,0.535646725778925,0.2765555328163964,-0.17351165179534964,0.6772616330963892,0.22260850674339985,-0.5698671079389345,0.29001866491990225,-0.132079035491032,-0.21411290120512402,-0.0199284749556336,-0.000672732315257651,0.48318985178588447,-0.13984436308943762,-0.1293275331863205
446458777_1181931746307480_9172918844299812341_n.webp,-0.5233125049905752,0.5135297235795586,-0.0705364135217976,0.8795873125062327,-0.4449725665374415,-0.6145435623968437,0.10380145758089855,-0.08825751390777066,-0.3782943566304208,-0.26146901709151105,0.5004664015258001,0.06746149492445105,0.3490207101417065,-0.04625863866443185,-0.2609135935420281,0.14069178958866013
416839078_18004591877259173_579370450016945260_n.jpg,0.5069265672413951,0.1513937925337262,-0.3592383648997909,0.12616877050865172,0.36085511993251457,-0.4267123748381129,-0.22062569692712752,-0.2209689997110697,0.1842641842818776,-0.013782454324557172,0.10172386134558065,-0.07236314197943855,0.3167667285729008,0.027351949080892068,0.06050422568060326,-0.25024720499755904
446234167_308407565694986_5602140742499426941_n.jpg,0.4589425406456201,-0.08560281789043865,0.22839582264050276,-0.14727132235328108,-0.18007311368220355,0.5433597940200315,-0.47233515575277285,0.1550724069226775,-0.1509530129847488,-0.09741536177187168,-0.04656336551225854,-0.04706599457008185,0.05179299404082997,-0.031648533341602905,-0.10736033913249096,0.05030055095940769
123136446_366252884686966_8378784797021700828_n.jpg,0.45544919310130266,-0.4168845451055284,0.5347306736896595,-0.08600925606832516,0.03962534757723836,-0.7099022702076034,0.5835631504217436,-0.05621147908842661,-0.14378894086649818,-0.1951958325981065,0.013978717026097418,-0.0883807514618439,-0.18299620465712016,0.11703548785788645,-0.04636354985904765,0.009934650427206069
65475425_2105421316426182_1366161969416728615_n.jpg,0.24363171602983513,-0.20934357468881012,0.09128693465664522,-0.4157574827496923,-0.333785213324303,-0.167823939604522,-0.2415055973777358,-0.01818792406479375,0.08261184004829185,0.22368852824130422,0.10367114682599607,-0.08832294216397557,-0.0015196872642330888,0.06599008658907393,0.03718508965703664,-0.027898589347251743
447066649_1864316780700396_7047069779752979820_n.jpg,-0.1434054885861976,0.3002954802220062,-0.2235319527076952,-0.6269772352599907,-0.03673593997284834,-0.46084538240087963,-0.019384446740577453,0.17195443975221827,-0.19311950297512817,-0.1315234058148023,-0.2622224905504893,-0.04396367596454676,0.012966314395408301,0.05791016571425627,0.13273193634887875,0.08576795041571371
447644726_3640769342848801_6468760292615348686_n.webp,0.5595122040206679,-0.10575571648589381,-0.5179538904908864,0.08634506259845215,-0.17311151997172478,0.18468582039526057,-0.39315212814037725,0.05956655971755658,-0.08314404798758078,0.13592506759699163,0.30900412238646735,-0.22752727314437807,-0.02973117221869276,0.22033137778950848,0.17287744363331153,0.09634333329177242
447918296_1918988908551405_4227807924911961930_n.jpg,-0.8114735407243121,-0.6387389160537131,-0.2620842018851957,-0.004924364582479369,-0.4924380697665899,0.21079972374997488,0.2789358297183516,-0.07550021999582479,0.08003443914059809,-0.04481898223583442,0.06487322816148115,-0.02166360675587471,-0.1998117918757628,-0.00595962173072516,-0.020195504030928412,-0.29977348335139187
447782943_3412807232350859_3922347985132607259_n.jpg,-0.12995656892414728,-0.929409658402779,0.004723707134934043,0.0382624883330335,0.2137429281967877,0.5411569257329009,-0.4725833503671205,0.0937550926362441,0.025256951568833008,0.07136434516629138,-0.22677007413536732,-0.17970717849928822,-0.06395258501223068,0.03706896163835175,-0.09016369726390162,0.19212830350558494
447780915_476816704906973_2270942281034263572_n.jpg,-0.7613414441458025,-0.011103128453188591,-0.5856164618514084,-0.05555231735188161,0.34654943069668714,0.24560839363075562,0.187761724980453,0.11240531735852696,0.15727762120685662,0.14253466575625173,0.08079669188002729,0.050894144351565127,0.03103939526453962,-0.05684524699800294,-0.08559721782871865,-0.09396134575860994
447914943_809741330802902_94079568233570581_n.jpg,-0.6668624145676442,-0.4562618898003012,0.08307004415548332,-0.6216828375709326,-0.13961611520965675,0.3030886229692109,0.20463150950763853,-0.30733868106203577,-0.08569784110743217,-0.20578173955039591,0.01811379344511716,0.05963791642731823,-0.10253215760355065,0.18786727508153622,0.16823993118580244,-0.09875711804591898
447194192_424929360439788_8116981906341355551_n.webp,-0.17007925337257407,0.45153812993516346,0.12250516672233597,-0.3680126237924498,-0.09320543475799412,-0.1793908820007562,0.02779673287563117,0.09739786638650756,0.0855340796412253,-0.10110534601296674,0.033277306507119436,-0.04545960555509482,-0.06235017913149481,-0.2395680970363658,0.05820751950910218,-0.10735378928421012
445545436_863375615614861_4771225809062813845_n.jpg,-0.9403914291702481,-0.3793118086576219,-0.17049054266753969,-0.3505667668171401,0.09679863862941601,-0.27547198313991367,0.2243483169909988,-0.010714422375911229,0.026698127034396505,0.0294330285649016,-0.14095380575193892,-0.15954346989631651,-0.11159636396118004,-0.13034628646160504,-0.03251171628924365,-0.01793035259465262
444151940_859749302836799_1342850136325495618_n.jpg,0.3938669626617119,-0.4004915262953231,0.17659261239755442,-0.361840055802675,-0.16435834601757277,-0.2987189006148425,0.09707867334031814,0.17320242686023246,-0.22089082214030648,-0.10815035629060189,-0.08273459023297121,-0.3007069499179935,0.4254241059845048,-0.11388263125446847,0.04414766910545436,-0.0828535768597395
297850166_731297937958423_4072346048284903598_n.webp,-0.8070128932624875,0.07006500338587388,0.007214006102984609,-0.5844612531247771,0.5981639806290776,-0.03890153244308381,0.12564766129197277,-0.1655771753244159,0.19308825257443543,0.0011018978911660582,-0.02843713793123777,0.0432712856614629,-0.09418892781249853,-0.09103233388419836,0.05236219701705737,0.08736537690071117
120657798_1500891343437357_1452327997827947587_n.jpg,0.2280219128419792,0.4010486785114739,-0.4936283498903846,-0.031072255759198773,0.4784970129816394,-0.5035979030096834,-0.38058377798350673,0.06804084470221301,-0.12656953506494295,0.13094095988740959,0.3488973341074096,-0.14149326795160796,0.00022701904306941955,0.0817017293214656,0.038332530353598404,-0.01575121942227113
358226805_939892440601585_3268433181392945235_n.jpg,-0.21193082862387458,0.3680566752489392,0.47503247137239546,-0.7582690573180498,-0.10154249189949795,-0.5071533276838229,0.00385787754847239,-0.1553933079981911,-0.0009602546167411862,-0.11522366387563232,0.051274373262735914,0.11547200693571828,-0.11250059286838429,-0.07306872795578925,-0.04742400481528019,0.008787717718609808
